Country or area, Code, 1975, 1980, 1985, 1991, 1975, 1980, 1985, 1991
Algeria, T, 500, 975, "1, 500", "1, 900", 31, 52, 69, 74
Algeria, R, "3, 000", "3, 700", "4, 800", "6, 000", 187, 197, 220, 234
Angola, T, 0, 30, 37, 59, 0, 4, 5, 6
Angola, R, 118, 145, 217, 270, 19, 21, 27, 28
Benin, T, 0, 5, 15, 24, 0, 1, 4, 5
Benin, R, 150, 230, 300, 428, 49, 66, 75, 90
Botswana, T, 0, 0, 0, 21, 0, 0, 0, 16
Botswana, R, 57, 75, 115, 155, 75, 83, 108, 122
Burkina Faso, T, 9, 20, 37, 49, 2, 3, 5, 5
Burkina Faso, R, 100, 125, 150, 245, 16, 18, 19, 26
Burundi, T, 0, 0, 0, 5, 0, 0, 0, 1
Burundi, R, 100, 160, 250, 340, 27, 39, 53, 60
Cameroon, T, 0, 0, 0, 279, 0, 0, 0, 24
Cameroon, R, 232, 760, "1, 200", "1, 725", 31, 88, 120, 145
Cape Verde, R, 31, 41, 50, 61, 112, 142, 154, 164
Central African Rep., T, 0, 1, 5, 14, 0, 0, 2, 4
Central African Rep., R, 70, 120, 150, 210, 34, 52, 57, 68
Chad, T, 0, 0, 0, 7, 0, 0, 0, 1
Chad, R, 500, 750, "1, 150", "1, 385", 124, 168, 229, 243
Comoros, T, 0, 0, 0, 0, 0, 0, 0, 0
Comoros, R, 36, 44, 53, 72, 114, 120, 123, 128
Congo, T, 3, 4, 5, 14, 2, 2, 3, 6
Congo, R, 81, 100, 138, 260, 56, 60, 72, 113
Cote dIvoire, T, 110, 310, 500, 730, 16, 38, 50, 59
Cote dIvoire, R, 300, "1, 000", "1, 300", "1, 765", 44, 122, 131, 142
Djibouti, T, 3, 5, 12, 24, 12, 16, 32, 53
Djibouti, R, 12, 21, 30, 39, 49, 69, 79, 86
Egypt, T, 620, "1, 400", "3, 860", "6, 200", 17, 34, 83, 116
Egypt, R, "4, 900", "6, 000", "12, 000", "17, 500", 135, 147, 258, 326
Equatorial Guinea, T, 0, 1, 2, 3, 2, 5, 7, 9
Equatorial Guinea, R, 78, 87, 128, 153, 347, 401, 410, 425
Ethiopia, T, 20, 30, 70, 130, 1, 1, 2, 3
Ethiopia, R, "1, 000", "3, 000", "8, 000", "9, 700", 29, 77, 186, 189
Gabon, T, 7, 9, 22, 45, 11, 12, 22, 37
Gabon, R, 80, 105, 132, 171, 126, 130, 134, 143
Gambia, R, 59, 73, 105, 150, 108, 114, 141, 170
Ghana, T, 33, 57, 150, 235, 3, 5, 12, 15
Ghana, R, "1, 060", "1, 700", "2, 500", "4, 150", 108, 158, 195, 268
Guinea, T, 0, 6, 8, 42, 0, 1, 2, 7
Guinea, R, 110, 135, 180, 248, 27, 30, 36, 42
Guinea-Bissau, R, 10, 25, 30, 39, 16, 31, 34, 40
Kenya, T, 38, 62, 100, 234, 3, 4, 5, 10
Kenya, R, 400, 650, "1, 600", "2, 100", 29, 39, 81, 86
Lesotho, T, 0, 0, 1, 11, 0, 0, 0, 6
Lesotho, R, 22, 33, 44, 58, 19, 25, 29, 32
Liberia, T, 9, 21, 35, 49, 6, 11, 16, 18
Liberia, R, 264, 335, 475, 600, 164, 179, 216, 225
Libyan Arab Jamahiriya, T, 85, 168, 235, 467, 35, 61, 62, 99
Libyan Arab Jamahiriya, R, 110, 200, 800, "1, 060", 45, 66, 211, 225
Madagascar, T, 8, 45, 100, 248, 1, 5, 10, 20
Madagascar, R, 720, "1, 600", "1, 950", "2, 480", 95, 182, 190, 200
Malawi, R, 170, 260, "1, 500", "2, 200", 32, 42, 204, 220
Mali, T, 0, 0, 1, 11, 0, 0, 0, 1
Mali, R, 81, 105, 250, 415, 13, 15, 32, 44
Mauritania, T, 0, 0, 1, 49, 0, 0, 0, 23
Mauritania, R, 82, 150, 250, 300, 60, 97, 142, 144
Mauritius, T, 50, 92, 140, 236, 56, 95, 137, 217
Mauritius, R, 162, 260, 335, 390, 182, 269, 328, 359
Morocco, T, 535, 890, "1, 370", "1, 900", 31, 46, 62, 74
Morocco, R, "1, 400", "3, 000", "3, 850", "5, 385", 81, 155, 175, 210
Mozambique, T, 1, 2, 7, 42, 0, 0, 1, 3
Mozambique, R, 200, 254, 450, 680, 19, 21, 33, 47
Namibia, T, 0, 5, 16, 31, 0, 5, 13, 21
Namibia, R, 0, 0, 150, 188, 0, 0, 121, 127
Niger, T, 0, 5, 12, 37, 0, 1, 2, 5
Niger, R, 120, 250, 300, 480, 25, 45, 45, 60
Nigeria, T, 100, 550, "1, 000", "3, 650", 2, 7, 11, 33
Nigeria, R, "4, 500", "7, 000", "14, 500", "19, 350", 68, 89, 158, 173
Reunion, T, 41, 81, 89, 100, 84, 159, 161, 163
Reunion, R, 91, 100, 122, 148, 188, 198, 222, 241
Rwanda, 0, 0, 0, 0, 0, 0, 0, 0, 0
Rwanda, R, 65, 175, 335, 467, 15, 34, 56, 64
St. Helena, R, 1, 1, 2, 2, 180, 280, 315, 329
Sao Tome and Principe, 0, 0, 0, 0, 0, 0, 0, 0, 0
Sao Tome and Principe, R, 17, 23, 27, 32, 210, 245, 255, 269
Senegal, T, 2, 8, 200, 273, 0, 1, 31, 36
Senegal, R, 290, 360, 700, 860, 60, 65, 110, 114
Seychelles, T, 0, 0, 2, 6, 0, 0, 31, 85
Seychelles, R, 16, 21, 25, 33, 271, 339, 373, 458
Sierra Leone, T, 8, 20, 30, 43, 3, 6, 8, 10
Sierra Leone, R, 280, 450, 775, 950, 96, 138, 211, 223
Somalia, T, 0, 0, 1, 108, 0, 0, 0, 12
Somalia, R, 68, 112, 200, 330, 12, 17, 25, 37
South Africa, T, 100, "2, 010", "3, 000", "3, 800", 4, 68, 89, 98
South Africa, R, "2, 400", "8, 000", "10, 000", "11, 800", 93, 271, 298, 303
Sudan, T, 100, 800, "1, 100", "2, 000", 6, 43, 50, 77
Sudan, R, "2, 000", "3, 500", "5, 375", "6, 480", 125, 187, 246, 250
Swaziland, T, 0, 1, 8, 15, 0, 2, 11, 19
Swaziland, R, 55, 81, 101, 127, 114, 143, 153, 165
Togo, T, 1, 10, 15, 23, 0, 4, 5, 6
Togo, R, 350, 530, 630, 770, 153, 203, 208, 211
Tunisia, T, 191, 300, 400, 650, 34, 47, 55, 79
Tunisia, R, 775, "1, 000", "1, 185", "1, 640", 138, 157, 163, 199
Uganda, T, 59, 72, 90, 187, 5, 6, 6, 10
Uganda, R, 250, 400, "1, 250", "1, 975", 22, 30, 83, 109
United Rep. of Tanzania, T, 4, 7, 8, 42, 0, 0, 0, 2
United Rep. of Tanzania, R, 232, 290, 365, 660, 15, 16, 17, 25
Western Sahara, T, 2, 2, 4, 5, 15, 18, 21, 21
Western Sahara, R, 15, 22, 33, 44, 128, 169, 179, 183
Zaire, T, 7, 10, 13, 41, 0, 0, 0, 1
Zaire, R, "1, 000", "1, 500", "2, 800", "3, 740", 43, 56, 88, 97
Zambia, T, 23, 60, 90, 217, 5, 10, 13, 26
Zambia, R, 100, 135, 500, 680, 21, 24, 73, 81
Zimbabwe, T, 60, 73, 178, 270, 10, 10, 21, 26
Zimbabwe, R, 180, 240, 500, 860, 29, 34, 60, 84
Anguilla, R, 0, 0, 0, 2, 0, 0, 0, 309
Antigua and Barbuda, T, 15, 16, 19, 23, 238, 262, 302, 355
Antigua and Barbuda, R, 15, 17, 21, 27, 238, 279, 333, 415
Bahamas, T, 0, 31, 51, 59, 0, 148, 219, 225
Bahamas, R, 90, 102, 120, 140, 503, 486, 515, 538
Barbados, T, 46, 52, 60, 68, 187, 209, 237, 265
Barbados, R, 94, 135, 200, 226, 382, 542, 791, 876
Belize, T, 0, 0, 0, 32, 0, 0, 0, 165
Belize, R, 59, 71, 88, 112, 457, 486, 530, 577
Bermuda, T, 20, 30, 45, 57, 377, 556, 804, 919
Bermuda, R, 50, 60, 68, 78, 943, "1, 111", "1, 214", "1, 258"
British Virgin Islands, T, 1, 2, 3, 4, 64, 167, 214, 219
British Virgin Islands, R, 5, 6, 7, 8, 455, 458, 486, 501
Canada, T, "9, 200", "10, 617", "14, 028", "17, 252", 405, 441, 557, 639
Canada, R, "16, 250", "17, 734", "23, 237", "27, 776", 715, 737, 923, "1, 029"
Cayman Islands, T, 0, 2, 4, 5, 0, 106, 190, 197
Cayman Islands, R, 4, 12, 19, 25, 286, 706, 910, 933
Costa Rica, T, 128, 155, 200, 435, 65, 68, 76, 140
Costa Rica, R, 151, 190, 650, 800, 77, 83, 246, 257
Cuba, T, 595, "1, 273", "1, 940", "1, 746", 64, 132, 192, 163
Cuba, R, "1, 805", "2, 914", "3, 282", "3, 695", 194, 301, 326, 345
Dominica, T, 0, 0, 0, 5, 0, 0, 0, 72
Dominica, R, 6, 31, 38, 42, 81, 413, 521, 588
Dominican Republic, T, 180, 400, 500, 615, 36, 70, 78, 84
Dominican Republic, R, 770, 900, "1, 020", "1, 250", 153, 158, 159, 171
El Salvador, T, 135, 300, 350, 485, 33, 66, 74, 92
El Salvador, R, "1, 100", "1, 550", "1, 900", "2, 175", 269, 343, 401, 412
Greenland, T, 3, 4, 7, 11, 60, 70, 132, 198
Greenland, R, 13, 15, 19, 23, 260, 300, 358, 411
Grenada, T, 0, 0, 0, 30, 0, 0, 0, 330
Grenada, R, 22, 35, 45, 54, 239, 393, 500, 597
Guadeloupe, T, 18, 37, 77, 104, 55, 113, 217, 263
Guadeloupe, R, 35, 50, 80, 91, 106, 153, 225, 229
Guatemala, T, 110, 175, 207, 490, 18, 25, 26, 52
Guatemala, R, 300, 350, 450, 625, 50, 51, 57, 66
Haiti, T, 13, 16, 21, 31, 3, 3, 4, 5
Haiti, R, 93, 105, 140, 310, 19, 20, 24, 47
Honduras, T, 34, 65, 280, 385, 11, 18, 64, 73
Honduras, R, 142, 500, "1, 600", "2, 045", 46, 137, 365, 386
Jamaica, T, 110, 170, 215, 320, 55, 80, 93, 131
Jamaica, R, 550, 800, 920, "1, 025", 273, 375, 398, 420
Martinique, T, 22, 38, 44, 49, 67, 117, 129, 135
Martinique, R, 57, 62, 67, 73, 173, 190, 196, 201
Mexico, T, "2, 700", "3, 820", "8, 500", "12, 750", 46, 57, 112, 148
Mexico, R, "6, 900", "9, 000", "15, 000", "22, 000", 117, 134, 198, 255
Montserrat, T, 0, 0, 0, 2, 0, 0, 0, 148
Montserrat, R, 5, 6, 6, 6, 413, 458, 545, 577
Netherlands Antilles, T, 35, 43, 58, 64, 211, 251, 331, 363
Netherlands Antilles, R, 132, 175, 190, 205, 795, "1, 023", "1, 086", "1, 162"
Nicaragua, T, 83, 160, 190, 249, 34, 57, 59, 65
Nicaragua, R, 400, 670, 802, 997, 165, 239, 248, 262
Panama, T, 185, 225, 350, 410, 106, 115, 161, 166
Panama, R, 260, 300, 400, 552, 149, 153, 183, 224
Puerto Rico, T, 630, 725, 850, 942, 210, 226, 252, 264
Puerto Rico, R, "1, 760", "2, 000", "2, 300", "2, 540", 588, 624, 681, 713
St. Kitts and Nevis, T, 4, 4, 5, 9, 89, 91, 116, 205
St. Kitts and Nevis, R, 0, 0, 21, 27, 0, 0, 488, 645
Saint Lucia, T, 2, 9, 17, 26, 16, 80, 135, 189
Saint Lucia, R, 70, 81, 92, 103, 648, 704, 738, 763
St. Pierre and Miquelon, T, 2, 3, 4, 4, 283, 533, 600, 652
St. Pierre and Miquelon, R, 2, 4, 4, 4, 350, 583, 633, 698
St. Vincent and the Grenadines, T, 4, 5, 6, 15, 46, 53, 59, 144
St. Vincent and the Grenadines, R, 32, 42, 55, 75, 344, 429, 539, 698
Trinidad and Tobago, T, 105, 210, 320, 394, 104, 194, 276, 315
Trinidad and Tobago, R, 225, 300, 500, 615, 222, 277, 431, 492
Turks and Caicos Is., R, 3, 4, 5, 6, 500, 506, 510, 512
United States, T, "121, 000", "155, 800", "190, 000", "205, 500", 560, 684, 797, 814
United States, R, "401, 000", "454, 000", "500, 000", "534, 800", "1, 857", "1, 996", "2, 097", "2, 118"
US Virgin Islands, T, 30, 50, 59, 65, 316, 510, 551, 607
US Virgin Islands, R, 75, 82, 93, 104, 789, 837, 869, 972
Argentina, T, "4, 000", "5, 140", "6, 500", "7, 190", 154, 182, 214, 220
Argentina, R, "9, 890", "12, 000", "18, 000", "22, 300", 380, 425, 593, 682
Bolivia, T, 45, 300, 420, 755, 9, 54, 66, 103
Bolivia, R, "1, 150", "2, 800", "3, 675", "4, 590", 235, 502, 579, 625
Brazil, T, "8, 400", "15, 000", "25, 000", "31, 400", 78, 124, 184, 207
Brazil, R, "16, 980", "38, 000", "49, 000", "58, 500", 157, 313, 361, 386
Chile, T, 700, "1, 225", "1, 750", "2, 800", 68, 110, 144, 209
Chile, R, "1, 700", "3, 250", "4, 000", "4, 600", 164, 292, 330, 344
Colombia, T, "1, 600", "2, 250", "2, 750", "3, 800", 67, 85, 93, 116
Colombia, R, "2, 808", "3, 300", "4, 000", "5, 800", 118, 124, 136, 177
Ecuador, T, 252, 500, 600, 910, 36, 62, 64, 84
Ecuador, R, "2, 000", "2, 425", "2, 850", "3, 420", 284, 299, 306, 317
Falkland Islands (Malvinas), R, 1, 1, 1, 1, 300, 400, 500, 505
French Guiana, T, 6, 13, 17, 21, 107, 188, 201, 213
French Guiana, R, 14, 30, 59, 76, 241, 435, 705, 759
Guyana, T, 0, 0, 0, 31, 0, 0, 0, 39
Guyana, R, 266, 310, 355, 392, 362, 408, 449, 489
Paraguay, T, 54, 68, 85, 220, 20, 22, 23, 50
Paraguay, R, 185, 350, 600, 750, 69, 111, 162, 171
Peru, T, 610, 895, "1, 500", "2, 150", 40, 52, 77, 98
Peru, R, "2, 050", "2, 750", "4, 000", "5, 570", 135, 159, 206, 253
Suriname, T, 34, 40, 45, 56, 93, 114, 117, 130
Suriname, R, 110, 189, 230, 274, 302, 537, 601, 637
Uruguay, T, 351, 368, 500, 720, 124, 126, 166, 231
Uruguay, R, "1, 500", "1, 630", "1, 760", "1, 880", 530, 559, 585, 604
Venezuela, T, "1, 284", "1, 710", "2, 250", "3, 200", 101, 114, 131, 162
Venezuela, R, "4, 775", "5, 900", "7, 000", "8, 820", 377, 393, 408, 447
Afghanistan, T, 0, 45, 100, 147, 0, 3, 7, 8
Afghanistan, R, 750, "1, 200", "1, 450", "1, 890", 49, 75, 100, 107
Bahrain, T, 30, 90, 170, 215, 110, 259, 396, 415
Bahrain, R, 85, 125, 210, 278, 313, 360, 490, 537
Bangladesh, T, 25, 80, 261, 540, 0, 1, 3, 5
Bangladesh, R, 700, "1, 500", "4, 000", "4, 990", 9, 17, 40, 43
Bhutan, R, 4, 7, 18, 25, 4, 6, 13, 16
Brunei Darussalam, T, 14, 26, 45, 62, 87, 135, 199, 235
Brunei Darussalam, R, 24, 41, 55, 71, 149, 212, 243, 269
Cambodia, T, 30, 35, 52, 70, 4, 5, 7, 8
Cambodia, R, 110, 600, 800, 955, 15, 92, 109, 112
China, T, "1, 185", "4, 000", "10, 000", "35, 800", 1, 4, 9, 31
China, R, "15, 000", "55, 000", "120, 000", "213, 000", 16, 55, 112, 182
Cyprus, T, 59, 85, 92, 102, 97, 135, 138, 144
Cyprus, R, 115, 162, 190, 207, 189, 258, 286, 292
Hong Kong, T, 837, "1, 114", "1, 275", "1, 600", 190, 221, 234, 278
Hong Kong, R, "2, 200", "2, 550", "3, 250", "3, 840", 500, 506, 596, 667
India, T, 515, "3, 000", "10, 000", "30, 000", 1, 4, 13, 35
India, R, "17, 228", "26, 000", "50, 000", "68, 500", 28, 38, 65, 79
Indonesia, T, 300, "3, 000", "6, 438", "11, 000", 2, 20, 38, 59
Indonesia, R, "5, 010", "15, 000", "21, 500", "27, 500", 37, 99, 128, 146
"Iran,  Islamic Rep. of", T, "1, 500", "2, 000", "2, 600", "3, 750", 45, 51, 53, 63
"Iran,  Islamic Rep. of", R, "2, 200", "6, 400", "10, 000", "13, 860", 66, 163, 204, 231
Iraq, T, 415, 650, 900, "1, 350", 38, 50, 59, 72
Iraq, R, "1, 252", "2, 100", "3, 000", "4, 020", 114, 161, 196, 215
Israel, T, 680, 900, "1, 100", "1, 310", 197, 232, 260, 269
Israel, R, 595, 950, "1, 800", "2, 290", 172, 245, 425, 470
Japan, T, "40, 000", "62, 976", "70, 000", "76, 000", 359, 539, 579, 613
Japan, R, "58, 026", "79, 200", "95, 000", "112, 500", 520, 678, 786, 907
Jordan, T, 120, 171, 240, 330, 46, 59, 70, 80
Jordan, R, 450, 550, 791, "1, 060", 173, 188, 232, 256
"Korea,  Dem.Peoples Rep.", T, 100, 130, 200, 338, 6, 7, 10, 15
"Korea,  Dem.Peoples Rep.", R, 750, "1, 500", "2, 000", "2, 650", 45, 82, 101, 119
"Korea,  Republic of", T, "2, 500", "6, 300", "7, 721", "9, 100", 71, 165, 189, 208
"Korea,  Republic of", R, "13, 509", "20, 000", "38, 605", "43, 850", 383, 525, 946, "1, 001"
Kuwait, T, 150, 353, 450, 590, 149, 257, 262, 283
Kuwait, R, 203, 390, 535, 715, 202, 284, 311, 343
Lao Peoples Dem. Rep., T, 0, 0, 0, 25, 0, 0, 0, 6
Lao Peoples Dem. Rep., R, 150, 350, 430, 540, 50, 109, 120, 125
Lebanon, T, 410, 750, 800, 905, 148, 281, 300, 325
Lebanon, R, "1, 321", "2, 000", "2, 050", "2, 320", 477, 749, 768, 833
Macau, T, 0, 0, 0, 32, 0, 0, 0, 67
Macau, R, 61, 80, 99, 130, 235, 248, 253, 274
Malaysia, T, 452, "1, 200", "1, 800", "2, 724", 37, 87, 115, 149
Malaysia, R, "1, 420", "5, 650", "6, 600", "7, 880", 116, 411, 421, 430
Maldives, T, 0, 1, 3, 5, 0, 7, 17, 25
Maldives, R, 3, 7, 19, 26, 20, 44, 104, 118
Mongolia, T, 4, 6, 45, 90, 2, 3, 24, 40
Mongolia, R, 105, 160, 200, 297, 73, 96, 105, 132
Myanmar, T, 0, 1, 20, 80, 0, 0, 1, 2
Myanmar, R, 662, 774, "2, 500", "3, 500", 22, 23, 67, 82
Nepal, T, 0, 0, 20, 40, 0, 0, 1, 2
Nepal, R, 113, 300, 450, 670, 9, 20, 26, 33
Oman, T, 3, 35, 900, "1, 150", 3, 35, 713, 728
Oman, R, 15, 300, 800, "1, 006", 20, 304, 633, 637
Pakistan, T, 380, 938, "1, 304", "2, 205", 5, 11, 13, 18
Pakistan, R, "4, 000", "5, 500", "8, 500", "10, 980", 54, 64, 84, 90
Philippines, T, 756, "1, 050", "1, 500", "2, 800", 18, 22, 27, 44
Philippines, R, "1, 800", "2, 100", "5, 000", "8, 810", 42, 43, 90, 138
Qatar, T, 20, 76, 120, 198, 117, 331, 335, 450
Qatar, R, 50, 90, 150, 195, 292, 393, 419, 443
Saudi Arabia, T, 800, "2, 100", "3, 050", "4, 100", 110, 224, 246, 266
Saudi Arabia, R, 950, "2, 500", "3, 550", "4, 670", 131, 267, 287, 304
Singapore, T, 421, 750, 850, "1, 035", 186, 311, 332, 378
Singapore, R, 725, 900, "1, 550", "1, 770", 320, 373, 606, 646
Sri Lanka, T, 0, 35, 450, "17, 100", 0, 2, 28, 981
Sri Lanka, R, 700, "1, 454", "2, 551", "3, 460", 51, 98, 158, 198
Syrian Arab Republic, T, 224, 385, 600, 770, 30, 44, 58, 60
Syrian Arab Republic, R, "1, 400", "1, 700", "2, 200", "3, 270", 188, 195, 213, 255
Thailand, T, 500, "1, 000", "4, 122", "6, 300", 12, 21, 81, 114
Thailand, R, "4, 000", "6, 550", "8, 000", "10, 550", 97, 140, 156, 191
Turkey, T, "1, 050", "3, 500", "8, 000", "10, 000", 26, 79, 159, 175
Turkey, R, "4, 200", "5, 000", "7, 000", "9, 200", 105, 113, 139, 161
United Arab Emirates, T, 25, 89, 130, 175, 50, 88, 96, 107
United Arab Emirates, R, 52, 240, 380, 530, 103, 236, 282, 325
Viet Nam, T, 0, 0, "2, 000", "2, 800", 0, 0, 33, 41
Viet Nam, R, "3, 500", "5, 000", "6, 000", "7, 050", 73, 93, 100, 104
Yemen, T, 0, 0, 0, 330, 0, 0, 0, 27
Yemen, R, 0, 0, 0, 325, 0, 0, 0, 27
Albania, T, 5, 0, 232, 285, 2, 36, 78, 87
Albania, R, 175, 400, 493, 577, 72, 150, 166, 176
Andorra, T, 2, 4, 6, 7, 74, 114, 133, 154
Andorra, R, 5, 7, 9, 10, 185, 189, 0, 222
Austria, T, "2, 550", "2, 950", "3, 260", "3, 700", 336, 391, 431, 478
Austria, R, "3, 600", "3, 830", "4, 180", "4, 775", 475, 507, 553, 617
Belarus, T, "1, 600", "2, 100", "2, 500", "2, 760", 170, 219, 250, 0
Belarus, R, "1, 450", "2, 145", "2, 900", "3, 170", 154, 223, 290, 0
Belgium, T, "3, 315", "3, 815", "3, 950", "4, 500", 338, 387, 401, 451
Belgium, R, "6, 200", "7, 200", "7, 450", "7, 675", 633, 731, 756, 769
Bulgaria, T, "1, 960", "2, 150", "2, 220", "2, 260", 225, 243, 248, 252
Bulgaria, R, "3, 150", "3, 500", "3, 750", "3, 970", 361, 395, 419, 442
Croatia, T, 0, 960, 990, "1, 055", 0, 0, 0, 221
Croatia, R, 0, "1, 100", "1, 125", "1, 160", 0, 0, 0, 244
former Czechoslovakia, T, "4, 987", "5, 900", "6, 080", "7, 466", 337, 385, 392, 476
former Czechoslovakia, R, "7, 425", "7, 800", "8, 050", "13, 692", 502, 509, 519, 872
Denmark, T, "2, 110", "2, 550", "2, 675", "2, 760", 417, 498, 522, 536
Denmark, R, "4, 625", "4, 750", "4, 875", "5, 310", 914, 927, 952, "1, 031"
Estonia, T, 0, 0, 0, 550, 0, 0, 0, 347
Faeroe Islands, T, 0, 4, 9, 12, 0, 93, 196, 245
Faeroe Islands, R, 15, 18, 22, 24, 366, 407, 478, 514
Finland, T, "1, 658", "1, 980", "2, 300", "2, 500", 352, 414, 469, 501
Finland, R, "2, 300", "4, 000", "4, 830", "4, 980", 488, 837, 985, 997
France, T, "15, 000", "19, 000", "21, 500", "23, 200", 285, 353, 390, 407
France, R, "30, 000", "39, 900", "48, 000", "50, 600", 569, 741, 870, 888
Germany; Federal Republic of Germany; former German Dem. Rep., T, 0, 0, 0, "44, 400", 0, 0, 0, 556
Germany; Federal Republic of Germany; former German Dem. Rep., R, 0, 0, 0, "70, 000", 0, 0, 0, 876
0, T, "25, 000", "27, 000", "29, 500", 0, 404, 439, 483, 0
0, R, "52, 500", "55, 000", "57, 500", 0, 849, 893, 942, 0
0, T, "7, 835", "8, 600", "12, 300", 0, 465, 514, 739, 0
0, R, "8, 650", "8, 970", "10, 250", 0, 513, 536, 616, 0
Gibraltar, T, 6, 7, 8, 10, 200, 232, 272, 316
Gibraltar, R, 30, 33, 34, 36, "1, 000", "1, 087", "1, 158", "1, 171"
Greece, T, "1, 155", "1, 650", "1, 896", "2, 000", 128, 171, 191, 197
Greece, R, "2, 500", "3, 310", "4, 000", "4, 270", 276, 343, 403, 421
Hungary, T, "2, 850", "3, 320", "4, 250", "4, 340", 271, 310, 399, 412
Hungary, R, "4, 100", "5, 340", "6, 144", "6, 280", 389, 499, 577, 0
Iceland, T, 56, 65, 75, 82, 257, 285, 311, 319
Iceland, R, 140, 162, 185, 202, 642, 711, 768, 786
Ireland, T, 600, 785, 910, 264, 189, 231, 256, 76
Ireland, R, 907, "1, 275", "2, 050", "2, 200", 285, 375, 577, 630
Italy, T, "15, 000", "22, 000", "23, 600", "24, 300", 271, 390, 413, 421
Italy, R, "32, 500", "34, 000", "37, 000", "45, 650", 586, 602, 648, 791
Latvia, T, 0, 0, 0, "1, 000", 0, 0, 0, 372
Liechtenstein, T, 5, 7, 9, 10, 188, 269, 322, 345
Liechtenstein, R, 7, 13, 18, 20, 308, 500, 656, 719
Lithuania, T, 0, 0, 0, "1, 400", 0, 0, 0, 374
Lithuania, R, 0, 0, 0, "1, 420", 0, 0, 0, 379
Luxembourg, T, 87, 90, 92, 100, 240, 247, 251, 267
Luxembourg, R, 179, 200, 228, 237, 494, 549, 621, 632
Malta, T, 176, 202, 235, 264, 579, 623, 683, 742
Malta, R, 141, 165, 178, 187, 464, 509, 517, 526
Monaco, T, 16, 17, 19, 22, 640, 654, 704, 819
Monaco, R, 20, 26, 29, 30, 800, "1, 004", "1, 056", "1, 126"
Netherlands, T, "4, 230", "5, 650", "6, 700", "7, 300", 310, 399, 463, 485
Netherlands, R, "7, 710", "9, 200", "12, 000", "13, 650", 565, 650, 829, 907
Norway, T, "1, 252", "1, 430", "1, 640", "1, 805", 312, 350, 395, 423
Norway, R, "2, 575", "2, 700", "3, 230", "3, 342", 643, 661, 778, 794
Poland, T, "7, 120", "8, 750", "10, 400", "11, 300", 209, 246, 280, 295
Poland, R, "9, 700", "10, 615", "12, 250", "16, 600", 285, 298, 329, 433
Portugal, T, 860, "1, 540", "1, 765", "1, 840", 95, 158, 178, 187
Portugal, R, "1, 530", "1, 660", "2, 000", "2, 250", 168, 170, 202, 228
Romania, T, "2, 950", "4, 085", "4, 375", "4, 560", 139, 184, 193, 1
Romania, R, "3, 725", "3, 930", "4, 100", "4, 620", 175, 177, 180, 199
Russian Federation, T, 0, 0, 0, "54, 396", 0, 0, 0, 0
Russian Federation, R, 0, 0, 0, "49, 046", 0, 0, 0, 0
San Marino, T, 4, 6, 7, 8, 211, 300, 314, 351
San Marino, R, 6, 10, 12, 14, 316, 476, 527, 589
Slovenia, T, 360, 460, 500, 560, 0, 0, 0, 284
Slovenia, R, 450, 500, 650, 710, 0, 0, 0, 360
Spain, T, "6, 640", "9, 505", "10, 400", "15, 600", 187, 253, 270, 400
Spain, R, "9, 050", "9, 700", "11, 300", "12, 100", 254, 258, 294, 310
Sweden, T, "3, 750", "3, 830", "3, 875", "4, 030", 458, 461, 464, 468
Sweden, R, "4, 200", "7, 000", "7, 250", "7, 550", 513, 842, 868, 877
Switzerland, T, "2, 050", "2, 300", "2, 550", "2, 745", 323, 364, 394, 406
Switzerland, R, "4, 500", "5, 140", "5, 420", "5, 695", 710, 813, 838, 842
Ukraine, T, "11, 035", "12, 722", "15, 190", "17, 100", 0, 0, 461, 487
Ukraine, R, "23, 539", "28, 941", "36, 434", "41, 300", 0, 0, "1, 107", "1, 177"
United Kingdom, T, "20, 200", "22, 600", "24, 500", "25, 000", 359, 401, 433, 434
United Kingdom, R, "39, 000", "53, 500", "57, 000", "65, 800", 694, 950, "1, 007", "1, 143"
Yugoslavia, T, 0, 0, 0, "1, 800", 0, 0, 0, 0
Yugoslavia, R, 0, 0, 0, "1, 900", 0, 0, 0, 0
"Yugoslavia,  SFR", T, "3, 385", "4, 245", "4, 500", 0, 159, 190, 195, 0
"Yugoslavia,  SFR", R, "4, 415", "5, 000", "5, 580", 0, 207, 224, 241, 0
American Samoa, T, 5, 6, 7, 10, 167, 173, 179, 213
American Samoa, R, 26, 32, 38, 49, 867, 991, 974, "1, 010"
Australia, T, "4, 549", "5, 600", "7, 000", "8, 330", 334, 381, 444, 480
Australia, R, "13, 900", "16, 000", "19, 500", "22, 000", "1, 020", "1, 089", "1, 237", "1, 268"
Cook Islands, T, 0, 0, 0, 3, 0, 0, 0, 182
Cook Islands, R, 7, 8, 10, 13, 368, 417, 578, 738
Fiji, T, 0, 0, 0, 11, 0, 0, 0, 15
Fiji, R, 200, 300, 370, 448, 347, 473, 529, 612
French Polynesia, T, 14, 18, 27, 34, 108, 121, 155, 169
French Polynesia, R, 65, 78, 93, 113, 500, 517, 532, 556
Guam, T, 50, 63, 76, 90, 526, 589, 633, 658
Guam, R, 84, 100, 150, 190, 883, 935, "1, 250", "1, 397"
Kiribati, R, 8, 12, 13, 15, 148, 203, 204, 207
Nauru, R, 3, 4, 5, 6, 400, 488, 588, 575
New Caledonia, T, 15, 25, 40, 46, 113, 179, 260, 268
New Caledonia, R, 55, 69, 80, 96, 414, 489, 519, 562
New Zealand, T, 958, "1, 035", "1, 397", "1, 515", 311, 332, 430, 443
New Zealand, R, "2, 670", "2, 755", "2, 950", "3, 180", 866, 885, 909, 929
Norfolk Island, T, 0, 0, 0, 1, 0, 0, 0, 1
Norfolk Island, R, 1, 2, 2, 2, 635, "1, 000", "1, 000", "1, 000"
Pacific Islands (Palau), T, 3, 6, 8, 0, 25, 44, 51, 0
Pacific Islands (Palau), R, 72, 85, 98, 0, 595, 625, 636, 0
Papua New Guinea, T, 0, 0, 0, 9, 0, 0, 0, 2
Papua New Guinea, R, 110, 180, 230, 288, 40, 58, 66, 73
Samoa, T, 0, 3, 5, 6, 0, 16, 32, 40
Samoa, R, 23, 32, 68, 75, 152, 206, 433, 475
Solomon Islands, R, 9, 20, 27, 39, 47, 88, 100, 119
Tokelau, R, 0, 0, 1, 1, 0, 0, 500, 575
Tonga, R, 11, 20, 30, 53, 125, 217, 319, 554
Tuvalu, R, 1, 2, 2, 3, 175, 206, 211, 229
Vanuatu, T, 0, 0, 0, 1, 0, 0, 0, 9
Vanuatu, R, 13, 23, 36, 45, 130, 198, 267, 300
former USSR, T, "55, 200", "76, 500", "82, 400", 0, 223, 296, 305, 0
former USSR, R, "122, 477", "130, 000", "182, 800", 0, 495, 504, 678, 0
