Country or area, 2000, 2005, 2010, 2012, 2013, 2014, 2015

Afghanistan

Number (thousands), 0, 1200, 10216, 15340, 16807, 18407, 19709

Per 100 inhabitants, 0, 5, 36, 51, 55, 59, 62

Albania

Number (thousands), 30, 1530, 2692, 3500, 3686, 3360, 3401

Per 100 inhabitants, 1, 48, 85, 111, 116, 105, 106

Algeria

Number (thousands), 86, 13661, 32780, 37528, 39517, 43298, 45928

Per 100 inhabitants, 0, 40, 88, 98, 101, 108, 113

American Samoa

Number (thousands), 2, 0, 0, 0, 0, 0, 

Per 100 inhabitants, 3, 0, 0, 0, 0, 0, 

Andorra

Number (thousands), 24, 65, 66, 64, 64, 66, 71

Per 100 inhabitants, 36, 79, 84, 82, 81, 83, 88

Angola

Number (thousands), 26, 1611, 9403, 12785, 13285, 14053, 13885

Per 100 inhabitants, 0, 10, 48, 61, 62, 63, 61

Anguilla

Number (thousands), 2, 13, 26, 26, 26, 26, 26

Per 100 inhabitants, 20, 103, 187, 185, 182, 180, 178

Antigua and Barbuda

Number (thousands), 22, 86, 168, 127, 114, 120, 126

Per 100 inhabitants, 28, 104, 193, 143, 127, 132, 137

Argentina

Number (thousands), 6488, 22156, 57082, 64328, 67362, 61234, 60664

Per 100 inhabitants, 18, 57, 141, 157, 163, 146, 144

Armenia

Number (thousands), 17, 318, 3865, 3323, 3346, 3459, 3442

Per 100 inhabitants, 1, 11, 130, 112, 112, 116, 115

Aruba

Number (thousands), 15, 103, 132, 135, 139, 140, 141

Per 100 inhabitants, 17, 103, 130, 132, 135, 135, 136

Ascension

Number (thousands), 0, 0, 0, 0, 0, 0, 0

Australia

Number (thousands), 8562, 18420, 22500, 24338, 24940, 31010, 31770

Per 100 inhabitants, 44, 90, 100, 106, 107, 131, 133

Austria

Number (thousands), 6117, 8665, 12241, 13588, 13272, 12953, 13471

Per 100 inhabitants, 76, 105, 146, 161, 156, 152, 157

Azerbaijan

Number (thousands), 420, 2242, 9100, 10125, 10130, 10553, 10697

Per 100 inhabitants, 5, 26, 100, 109, 108, 111, 111

Bahamas

Number (thousands), 32, 228, 428, 300, 287, 315, 311

Per 100 inhabitants, 11, 69, 119, 81, 76, 82, 80

Bahrain

Number (thousands), 206, 767, 1567, 2124, 2210, 2329, 2519

Per 100 inhabitants, 31, 87, 125, 161, 166, 173, 185

Bangladesh

Number (thousands), 279, 9000, 67924, 97180, 116553, 126866, 133720

Per 100 inhabitants, 0, 6, 45, 63, 74, 80, 83

Barbados

Number (thousands), 28, 206, 350, 349, 308, 305, 335

Per 100 inhabitants, 11, 75, 125, 123, 108, 107, 116

Belarus

Number (thousands), 49, 4100, 10333, 10676, 11114, 11402, 11448

Per 100 inhabitants, 0, 42, 109, 114, 119, 123, 124

Belgium

Number (thousands), 5629, 9605, 12154, 12313, 12315, 12735, 12938

Per 100 inhabitants, 55, 91, 111, 111, 111, 114, 116

Belize

Number (thousands), 17, 96, 194, 172, 175, 172, 170

Per 100 inhabitants, 7, 35, 63, 53, 53, 51, 49

Benin

Number (thousands), 55, 596, 7075, 8408, 9627, 8660, 9318

Per 100 inhabitants, 1, 7, 74, 84, 93, 82, 86

Bermuda

Number (thousands), 13, 53, 88, 91, 94, 59, 38

Per 100 inhabitants, 21, 82, 136, 140, 144, 91, 58

Bhutan

Number (thousands), 0, 36, 394, 561, 544, 625, 676

Per 100 inhabitants, 0, 6, 55, 76, 72, 82, 87

Bolivia (Plurinational State of)

Number (thousands), 583, 2421, 7179, 9493, 10426, 10450, 10163

Per 100 inhabitants, 7, 26, 71, 90, 98, 96, 92

Bosnia and Herzegovina

Number (thousands), 93, 1594, 3110, 3358, 3488, 3491, 3444

Per 100 inhabitants, 2, 41, 81, 88, 91, 91, 90

Botswana

Number (thousands), 222, 564, 2363, 3082, 3247, 3411, 3475

Per 100 inhabitants, 13, 30, 120, 154, 161, 167, 169

Brazil

Number (thousands), 23188, 86210, 196930, 248324, 271100, 280729, 257814

Per 100 inhabitants, 13, 46, 101, 125, 135, 139, 127

British Virgin Islands

Number (thousands), 0, 0, 48, 49, 53, 47, 42

Per 100 inhabitants, 0, 0, 175, 173, 188, 165, 146

Brunei Darussalam

Number (thousands), 95, 233, 435, 470, 469, 452, 463

Per 100 inhabitants, 29, 63, 109, 114, 112, 107, 108

Bulgaria

Number (thousands), 738, 6245, 10200, 10781, 10487, 9487, 9195

Per 100 inhabitants, 9, 81, 138, 148, 145, 132, 129

Burkina Faso

Number (thousands), 25, 634, 5708, 9976, 11241, 12494, 14447

Per 100 inhabitants, 0, 5, 37, 61, 66, 72, 81

Burundi

Number (thousands), 16, 153, 1678, 2247, 2537, 3193, 4998

Per 100 inhabitants, 0, 2, 18, 23, 25, 30, 46

Cabo Verde

Number (thousands), 20, 82, 372, 425, 499, 613, 646

Per 100 inhabitants, 4, 17, 76, 86, 100, 122, 127

Cambodia

Number (thousands), 131, 1062, 8151, 19105, 20265, 20452, 20851

Per 100 inhabitants, 1, 8, 57, 129, 134, 133, 133

Cameroon

Number (thousands), 103, 2253, 8637, 13108, 15665, 17270, 16807

Per 100 inhabitants, 1, 12, 42, 60, 70, 76, 72

Canada

Number (thousands), 8727, 17017, 25825, 27720, 28360, 28789, 29390

Per 100 inhabitants, 28, 53, 76, 80, 81, 81, 82

Cayman Islands

Number (thousands), 11, 81, 101, 99, 98, 91, 93

Per 100 inhabitants, 26, 166, 181, 172, 168, 154, 155

Central African Rep.

Number (thousands), 5, 100, 979, 1143, 1360, 1156, 982

Per 100 inhabitants, 0, 3, 23, 25, 29, 25, 20

Chad

Number (thousands), 6, 210, 2875, 4402, 4561, 5252, 5466

Per 100 inhabitants, 0, 2, 25, 35, 36, 40, 40

Chile

Number (thousands), 3402, 10570, 19852, 23941, 23661, 23681, 23206

Per 100 inhabitants, 22, 65, 116, 137, 134, 133, 129

China

Number (thousands), 85260, 393406, 859003, 1112155, 1229113, 1286093, 1305738

Per 100 inhabitants, 7, 30, 63, 81, 89, 92, 93

"China,  Hong Kong SAR"

Number (thousands), 5447, 8544, 13794, 16388, 17098, 16959, 16736

Per 100 inhabitants, 80, 124, 196, 229, 237, 234, 229

"China,  Macao SAR"

Number (thousands), 141, 533, 1122, 1613, 1722, 1856, 1896

Per 100 inhabitants, 33, 114, 210, 290, 304, 323, 324

Colombia

Number (thousands), 2257, 21850, 44478, 49066, 50295, 55330, 57327

Per 100 inhabitants, 6, 51, 96, 103, 104, 113, 116

Comoros

Number (thousands), 0, 16, 165, 284, 348, 383, 422

Per 100 inhabitants, 0, 3, 24, 40, 47, 51, 55

Congo

Number (thousands), 70, 558, 3719, 4283, 4660, 4930, 5216

Per 100 inhabitants, 2, 16, 90, 99, 105, 108, 112

Costa Rica

Number (thousands), 212, 1101, 3128, 5378, 7112, 7020, 7536

Per 100 inhabitants, 5, 25, 67, 112, 146, 142, 151

Cote d'Ivoire

Number (thousands), 473, 2349, 15599, 18100, 19391, 22105, 25408

Per 100 inhabitants, 3, 14, 82, 91, 95, 106, 119

Croatia

Number (thousands), 1033, 3650, 4928, 4971, 4721, 4461, 4416

Per 100 inhabitants, 23, 83, 114, 115, 110, 104, 104

Cuba

Number (thousands), 7, 136, 1003, 1682, 1996, 2531, 3335

Per 100 inhabitants, 0, 1, 9, 15, 18, 22, 30

Cyprus

Number (thousands), 218, 783, 1034, 1111, 1100, 1111, 1111

Per 100 inhabitants, 23, 76, 94, 98, 96, 96, 95

Czech Republic

Number (thousands), 4346, 11776, 12934, 13522, 13719, 13913, 13925

Per 100 inhabitants, 42, 115, 123, 127, 128, 130, 129

Dem. P. R. Korea

Number (thousands), 0, 0, 432, 1700, 2420, 2800, 3240

Per 100 inhabitants, 0, 0, 2, 7, 10, 11, 13

Dem. Rep. of the Congo, i, 0, 0, 0, 0, 0, 

Number (thousands), 15, 2746, 11820, 20093, 28232, 37103, 37753

Per 100 inhabitants, 0, 5, 19, 31, 42, 53, 53

Denmark

Number (thousands), 3364, 5449, 6421, 7293, 7031, 7160, 7266

Per 100 inhabitants, 63, 101, 116, 130, 125, 127, 128

Djibouti

Number (thousands), 0, 44, 166, 212, 244, 287, 312

Per 100 inhabitants, 0, 6, 20, 25, 28, 32, 35

Dominica

Number (thousands), 1, 52, 106, 109, 94, 74, 77

Per 100 inhabitants, 2, 74, 148, 152, 130, 102, 106

Dominican Republic

Number (thousands), 705, 3623, 8893, 8934, 9200, 8304, 8797

Per 100 inhabitants, 8, 39, 89, 87, 88, 79, 83

Ecuador

Number (thousands), 482, 6246, 14781, 16457, 16626, 16606, 12888

Per 100 inhabitants, 4, 45, 99, 106, 106, 104, 79

Egypt

Number (thousands), 1360, 13630, 70661, 96799, 99705, 95316, 94016

Per 100 inhabitants, 2, 19, 91, 120, 122, 114, 111

El Salvador

Number (thousands), 744, 2412, 7700, 8649, 8992, 9193, 9334

Per 100 inhabitants, 12, 40, 124, 137, 142, 144, 145

Equatorial Guinea

Number (thousands), 5, 97, 399, 501, 511, 517, 533

Per 100 inhabitants, 1, 16, 57, 68, 67, 66, 67

Eritrea

Number (thousands), 0, 40, 185, 305, 355, 417, 475

Per 100 inhabitants, 0, 1, 3, 5, 6, 6, 7

Number (thousands), 557, 1445, 1653, 2071, 2055, 2063, 1904

Per 100 inhabitants, 41, 109, 127, 160, 160, 161, 149

Ethiopia

Number (thousands), 18, 411, 6854, 20524, 25647, 30490, 42312

Per 100 inhabitants, 0, 1, 8, 22, 27, 32, 43

Falkland Is. (Malvinas)

Number (thousands), 0, 1, 3, 3, 4, 4, 5

Per 100 inhabitants, 0, 26, 108, 114, 119, 137, 164

Faroe Islands

Number (thousands), 17, 42, 59, 59, 60, 61, 63

Per 100 inhabitants, 37, 86, 120, 119, 121, 124, 127

Fiji

Number (thousands), 55, 205, 698, 859, 930, 876, 966

Per 100 inhabitants, 7, 25, 81, 98, 106, 99, 108

Finland

Number (thousands), 3729, 5270, 8390, 9320, 7411, 7603, 7399

Per 100 inhabitants, 72, 100, 156, 172, 137, 140, 136

France

Number (thousands), 29052, 48088, 57785, 62260, 63324, 65425, 66681

Per 100 inhabitants, 49, 78, 91, 97, 99, 101, 103

French Polynesia

Number (thousands), 40, 120, 216, 228, 243, 255, 268

Per 100 inhabitants, 17, 47, 81, 83, 88, 91, 95

Gabon

Number (thousands), 120, 737, 1610, 2558, 2745, 2933, 2958

Per 100 inhabitants, 10, 53, 103, 157, 164, 171, 169

Gambia

Number (thousands), 6, 247, 1478, 1526, 1849, 2284, 2586

Per 100 inhabitants, 0, 17, 88, 85, 100, 120, 131

Georgia

Number (thousands), 195, 1174, 3978, 4699, 4993, 5401, 5551

Per 100 inhabitants, 4, 26, 91, 108, 115, 125, 129

Germany

Number (thousands), 48202, 79271, 88400, 92400, 100034, 99530, 96360

Per 100 inhabitants, 58, 95, 106, 112, 121, 120, 117

Ghana

Number (thousands), 130, 2875, 17437, 25618, 28026, 30361, 35008

Per 100 inhabitants, 1, 13, 72, 101, 108, 115, 130

Gibraltar

Number (thousands), 6, 20, 30, 35, 0, 38, 

Per 100 inhabitants, 20, 69, 103, 119, 0, 130, 

Greece

Number (thousands), 5932, 10260, 12293, 13360, 13000, 12271, 12682

Per 100 inhabitants, 54, 93, 111, 120, 117, 110, 114

Greenland

Number (thousands), 15, 46, 57, 59, 60, 61, 61

Per 100 inhabitants, 27, 82, 101, 105, 106, 106, 107

Grenada

Number (thousands), 4, 47, 122, 130, 133, 117, 120

Per 100 inhabitants, 4, 46, 117, 123, 126, 110, 112

Guam

Number (thousands), 27, 0, 0, 0, 0, 0, 

Per 100 inhabitants, 18, 0, 0, 0, 0, 0, 

Guatemala

Number (thousands), 857, 4510, 18068, 20787, 21716, 16912, 18121

Per 100 inhabitants, 8, 36, 126, 138, 140, 107, 111

Guernsey

Number (thousands), 22, 0, 0, 0, 0, 0, 

Per 100 inhabitants, 35, 0, 0, 0, 0, 0, 

Guinea

Number (thousands), 42, 189, 4000, 5585, 7436, 8684, 10764

Per 100 inhabitants, 0, 2, 37, 49, 63, 72, 87

Guinea-Bissau

Number (thousands), 0, 99, 677, 1049, 940, 1108, 1238

Per 100 inhabitants, 0, 7, 43, 63, 55, 63, 69

Guyana

Number (thousands), 40, 281, 560, 547, 555, 567, 543

Per 100 inhabitants, 5, 37, 71, 69, 69, 71, 67

Haiti

Number (thousands), 55, 500, 4000, 6095, 7160, 6769, 7412

Per 100 inhabitants, 1, 5, 40, 60, 69, 65, 70

Honduras

Number (thousands), 155, 1281, 9505, 7370, 7767, 7725, 8048

Per 100 inhabitants, 2, 19, 125, 93, 96, 94, 96

Hungary

Number (thousands), 3076, 9320, 12012, 11579, 11590, 11726, 11786

Per 100 inhabitants, 30, 92, 120, 116, 116, 118, 119

Iceland

Number (thousands), 215, 283, 341, 352, 356, 370, 384

Per 100 inhabitants, 76, 95, 107, 108, 108, 111, 114

India

Number (thousands), 3577, 90140, 752190, 864721, 886304, 944009, 1011054

Per 100 inhabitants, 0, 8, 62, 70, 71, 74, 79

Indonesia

Number (thousands), 3669, 46910, 211290, 281964, 313227, 325583, 338426

Per 100 inhabitants, 2, 21, 88, 114, 125, 129, 132

Iran (Islamic Rep. of)

Number (thousands), 963, 8511, 54052, 58158, 65246, 68891, 74219

Per 100 inhabitants, 1, 12, 73, 76, 84, 88, 93

Iraq

Number (thousands), 0, 1533, 23264, 26756, 32450, 33000, 33559

Per 100 inhabitants, 0, 6, 75, 82, 96, 95, 94

Ireland

Number (thousands), 2461, 4270, 4701, 5014, 4881, 4914, 4902

Per 100 inhabitants, 65, 103, 105, 110, 105, 105, 104

Israel

Number (thousands), 4400, 7757, 9111, 9225, 9500, 9500, 10570

Per 100 inhabitants, 73, 117, 123, 121, 123, 121, 133

Italy

Number (thousands), 42246, 71500, 93666, 97189, 96863, 94226, 92520

Per 100 inhabitants, 74, 122, 155, 160, 159, 154, 151

Jamaica

Number (thousands), 367, 1981, 3182, 2715, 2846, 3005, 3137

Per 100 inhabitants, 14, 74, 116, 98, 102, 107, 112

Japan

Number (thousands), 66784, 96484, 123287, 141129, 147888, 152696, 158591

Per 100 inhabitants, 53, 76, 97, 111, 116, 120, 125

Jersey

Number (thousands), 45, 0, 0, 0, 0, 0, 

Per 100 inhabitants, 52, 0, 0, 0, 0, 0, 

Jordan

Number (thousands), 389, 3138, 6620, 8984, 10314, 11092, 13798

Per 100 inhabitants, 8, 60, 103, 128, 142, 148, 179

Kazakhstan

Number (thousands), 197, 5398, 19403, 30235, 30365, 28596, 31390

Per 100 inhabitants, 1, 36, 122, 186, 185, 172, 187

Kenya

Number (thousands), 127, 4612, 24969, 30732, 31830, 33633, 37716

Per 100 inhabitants, 0, 13, 61, 71, 72, 74, 81

Kiribati

Number (thousands), 0, 1, 11, 18, 20, 30, 41

Per 100 inhabitants, 0, 1, 11, 18, 20, 29, 39

Kuwait

Number (thousands), 476, 1382, 3979, 5100, 6410, 7600, 8305

Per 100 inhabitants, 25, 60, 133, 157, 190, 218, 232

Kyrgyzstan

Number (thousands), 9, 542, 5275, 6798, 6737, 7563, 7579

Per 100 inhabitants, 0, 11, 99, 124, 121, 134, 133

Lao People's Dem. Rep.

Number (thousands), 13, 658, 4003, 4300, 4613, 4619, 3727

Per 100 inhabitants, 0, 11, 63, 65, 68, 67, 53

Latvia

Number (thousands), 401, 1872, 2306, 2631, 2558, 2384, 2579

Per 100 inhabitants, 17, 84, 110, 128, 125, 117, 127

Lebanon

Number (thousands), 743, 994, 2864, 3755, 3885, 4387, 4400

Per 100 inhabitants, 23, 25, 66, 81, 81, 88, 87

Lesotho

Number (thousands), 22, 250, 987, 1545, 1790, 2139, 2237

Per 100 inhabitants, 1, 13, 49, 75, 86, 102, 106

Liberia

Number (thousands), 2, 160, 1571, 2380, 2551, 3225, 3652

Per 100 inhabitants, 0, 5, 40, 57, 59, 73, 81

Libya

Number (thousands), 40, 2000, 10900, 9587, 10235, 10076, 9918

Per 100 inhabitants, 1, 36, 180, 156, 165, 161, 157

Liechtenstein

Number (thousands), 10, 28, 36, 36, 38, 41, 41

Per 100 inhabitants, 30, 79, 98, 98, 104, 109, 109

Lithuania

Number (thousands), 524, 4353, 4891, 4997, 4566, 4268, 4184

Per 100 inhabitants, 15, 132, 159, 165, 151, 142, 140

Luxembourg

Number (thousands), 303, 510, 727, 761, 788, 802, 807

Per 100 inhabitants, 70, 111, 143, 145, 149, 149, 149

Madagascar

Number (thousands), 63, 510, 7712, 8779, 8461, 9714, 11152

Per 100 inhabitants, 0, 3, 37, 39, 37, 41, 46

Malawi

Number (thousands), 49, 421, 3117, 4647, 5290, 5633, 6116

Per 100 inhabitants, 0, 3, 21, 29, 32, 33, 35

Malaysia

Number (thousands), 5122, 19545, 33859, 41325, 43005, 44929, 44111

Per 100 inhabitants, 22, 76, 120, 141, 145, 149, 144

Maldives

Number (thousands), 8, 204, 494, 561, 625, 666, 740

Per 100 inhabitants, 3, 68, 152, 166, 181, 189, 207

Mali

Number (thousands), 10, 762, 7440, 14613, 19749, 23506, 22699

Per 100 inhabitants, 0, 6, 53, 98, 129, 149, 140

Malta

Number (thousands), 114, 324, 456, 532, 557, 546, 558

Per 100 inhabitants, 28, 78, 107, 124, 130, 127, 129

Marshall Islands

Number (thousands), 0, 1, 0, 0, 0, 16, 16

Per 100 inhabitants, 1, 1, 0, 0, 0, 29, 29

Mauritania

Number (thousands), 15, 746, 2776, 4025, 3988, 3753, 3644

Per 100 inhabitants, 1, 24, 77, 106, 103, 94, 89

Mauritius

Number (thousands), 180, 657, 1191, 1486, 1534, 1652, 1762

Per 100 inhabitants, 15, 54, 97, 120, 123, 132, 141

Mayotte 1

Number (thousands), 0, 0, 0, 0, 0, 0, 

Per 100 inhabitants, 0, 0, 0, 0, 0, 0, 

Mexico

Number (thousands), 14078, 47129, 91383, 100727, 106748, 104798, 106831

Per 100 inhabitants, 14, 43, 78, 83, 87, 85, 85

Micronesia (Fed. States of)

Number (thousands), 0, 14, 28, 31, 31, 0, 

Per 100 inhabitants, 0, 13, 27, 30, 30, 0, 

Monaco

Number (thousands), 14, 17, 23, 33, 35, 34, 34

Per 100 inhabitants, 43, 51, 64, 88, 94, 88, 89

Mongolia

Number (thousands), 155, 557, 2510, 3375, 2878, 3027, 3068

Per 100 inhabitants, 6, 22, 93, 121, 101, 105, 105

Montenegro

Number (thousands), 0, 543, 1170, 991, 994, 1013, 1008

Per 100 inhabitants, 0, 88, 189, 160, 160, 163, 162

Montserrat

Number (thousands), 0, 0, 4, 4, 5, 5, 5

Per 100 inhabitants, 10, 0, 85, 83, 88, 88, 97

Morocco

Number (thousands), 2342, 12393, 31982, 39016, 42424, 44115, 43080

Per 100 inhabitants, 8, 41, 101, 120, 129, 132, 127

Mozambique

Number (thousands), 51, 1504, 7224, 8805, 12401, 18483, 20135

Per 100 inhabitants, 0, 7, 30, 35, 48, 70, 74

Myanmar

Number (thousands), 13, 129, 594, 3730, 6832, 29029, 41529

Per 100 inhabitants, 0, 0, 1, 7, 13, 54, 77

Namibia

Number (thousands), 82, 449, 1950, 2147, 2728, 2671, 2443

Per 100 inhabitants, 4, 22, 90, 95, 118, 114, 102

Nauru

Number (thousands), 1, 0, 6, 7, 0, 0, 

Per 100 inhabitants, 12, 0, 62, 68, 0, 0, 

Nepal

Number (thousands), 10, 227, 9196, 16609, 21362, 23021, 27516

Per 100 inhabitants, 0, 1, 34, 60, 77, 82, 97

Netherlands

Number (thousands), 10755, 15834, 19179, 19717, 19467, 19562, 20809

Per 100 inhabitants, 68, 97, 115, 118, 116, 116, 124

New Caledonia

Number (thousands), 50, 134, 221, 231, 241, 243, 246

Per 100 inhabitants, 24, 59, 90, 91, 94, 94, 93

New Zealand

Number (thousands), 1542, 3530, 4710, 4922, 4766, 5100, 5600

Per 100 inhabitants, 40, 85, 108, 110, 106, 112, 122

Nicaragua

Number (thousands), 90, 1119, 3962, 5852, 6809, 7068, 7264

Per 100 inhabitants, 2, 21, 68, 98, 112, 115, 116

Niger

Number (thousands), 2, 324, 3669, 5396, 7006, 8236, 8959

Per 100 inhabitants, 0, 2, 23, 31, 39, 44, 47

Nigeria

Number (thousands), 30, 18587, 87298, 112778, 127246, 138960, 150830

Per 100 inhabitants, 0, 13, 55, 67, 73, 78, 82

Niue

Number (thousands), 0, 0, 0, 0, 0, 0, 

Per 100 inhabitants, 22, 0, 0, 0, 0, 0, 

Northern Mariana Islands

Number (thousands), 3, 0, 0, 0, 0, 0, 

Per 100 inhabitants, 4, 0, 0, 0, 0, 0, 

Norway

Number (thousands), 3224, 4754, 5599, 5798, 5863, 5913, 5841

Per 100 inhabitants, 72, 103, 114, 116, 116, 116, 114

Oman

Number (thousands), 162, 1333, 4606, 5278, 5617, 6194, 6647

Per 100 inhabitants, 7, 53, 164, 159, 155, 158, 160

Pakistan

Number (thousands), 306, 12771, 99186, 120151, 127737, 135762, 125900

Per 100 inhabitants, 0, 8, 57, 67, 70, 73, 67

Palau

Number (thousands), 0, 6, 15, 17, 18, 19, 24

Per 100 inhabitants, 0, 30, 71, 83, 86, 91, 112

Panama

Number (thousands), 410, 1749, 6646, 6214, 6205, 6205, 6947

Per 100 inhabitants, 13, 52, 181, 163, 161, 158, 174

Papua New Guinea

Number (thousands), 9, 75, 1909, 2709, 3000, 3359, 3560

Per 100 inhabitants, 0, 1, 28, 38, 41, 45, 47

Paraguay

Number (thousands), 821, 1887, 5921, 6794, 7053, 7305, 7412

Per 100 inhabitants, 15, 32, 92, 102, 104, 106, 105

Peru, 0, 0, 0, 0, 0, 0, 

Number (thousands), 1274, 5583, 29115, 29388, 29793, 31880, 34236

Per 100 inhabitants, 5, 20, 100, 98, 98, 104, 110

Philippines

Number (thousands), 6454, 34779, 83150, 101978, 102824, 111326, 120255

Per 100 inhabitants, 8, 41, 89, 105, 105, 111, 118

Poland

Number (thousands), 6747, 29166, 46952, 54086, 56973, 56905, 56838

Per 100 inhabitants, 18, 76, 123, 142, 149, 149, 149

Portugal

Number (thousands), 6665, 11447, 12210, 11918, 11991, 11896, 11715

Per 100 inhabitants, 65, 109, 115, 112, 113, 112, 110

Puerto Rico

Number (thousands), 1318, 1993, 2934, 3050, 3085, 3209, 3205

Per 100 inhabitants, 35, 53, 79, 83, 84, 87, 87

Qatar

Number (thousands), 121, 717, 2186, 2601, 3310, 3306, 3610

Per 100 inhabitants, 20, 87, 125, 127, 153, 146, 154

Republic of Korea

Number (thousands), 26816, 38342, 50767, 53624, 54681, 57290, 58935

Per 100 inhabitants, 58, 82, 105, 109, 111, 116, 118

Republic of Moldova

Number (thousands), 139, 1090, 2551, 3584, 3697, 3738, 3713

Per 100 inhabitants, 3, 29, 71, 102, 106, 108, 108

Romania

Number (thousands), 2499, 13354, 24360, 22840, 22910, 22920, 23120

Per 100 inhabitants, 11, 60, 111, 105, 106, 106, 107

Russian Federation

Number (thousands), 3263, 120000, 237689, 208065, 218300, 221030, 227288

Per 100 inhabitants, 2, 83, 166, 145, 153, 155, 160

Rwanda

Number (thousands), 39, 223, 3549, 5691, 6689, 7747, 8760

Per 100 inhabitants, 0, 2, 33, 50, 57, 64, 70

Saint Helena

Number (thousands), 0, 0, 0, 0, 0, 0, 1

Per 100 inhabitants, 0, 0, 0, 0, 0, 0, 31

Saint Kitts and Nevis

Number (thousands), 1, 51, 80, 76, 77, 65, 73

Per 100 inhabitants, 3, 104, 153, 142, 142, 119, 132

Saint Lucia

Number (thousands), 3, 106, 198, 216, 212, 188, 188

Per 100 inhabitants, 2, 64, 112, 119, 116, 103, 102

Saint Vincent-Grenadines

Number (thousands), 2, 71, 132, 127, 125, 115, 113

Per 100 inhabitants, 2, 65, 121, 116, 115, 105, 104

Samoa

Number (thousands), 3, 24, 90, 100, 100, 107, 113

Per 100 inhabitants, 1, 13, 48, 53, 52, 56, 59

San Marino

Number (thousands), 15, 17, 31, 36, 37, 38, 37

Per 100 inhabitants, 54, 58, 99, 115, 117, 119, 115

Sao Tome and Principe

Number (thousands), 0, 12, 103, 122, 125, 129, 132

Per 100 inhabitants, 0, 8, 58, 65, 65, 65, 65

Saudi Arabia

Number (thousands), 1376, 14164, 51564, 53000, 53104, 52735, 52796

Per 100 inhabitants, 7, 57, 189, 187, 184, 180, 177

Senegal

Number (thousands), 250, 1730, 8344, 11471, 13134, 14380, 14959

Per 100 inhabitants, 3, 15, 64, 84, 93, 99, 100

Serbia

Number (thousands), 0, 5511, 9915, 9138, 9199, 9345, 9156

Per 100 inhabitants, 0, 67, 125, 118, 119, 122, 121

Seychelles

Number (thousands), 26, 59, 118, 136, 137, 151, 148

Per 100 inhabitants, 33, 68, 129, 148, 147, 162, 158

Sierra Leone

Number (thousands), 12, 0, 2000, 2210, 4000, 4757, 5657

Per 100 inhabitants, 0, 0, 35, 37, 66, 77, 90

Singapore

Number (thousands), 2747, 4385, 7385, 8068, 8438, 8104, 8211

Per 100 inhabitants, 70, 98, 145, 152, 156, 147, 146

Slovakia

Number (thousands), 1244, 4540, 5925, 6094, 6208, 6378, 6676

Per 100 inhabitants, 23, 84, 109, 112, 114, 117, 122

Slovenia

Number (thousands), 1216, 1759, 2122, 2241, 2284, 2326, 2354

Per 100 inhabitants, 61, 88, 103, 108, 110, 112, 113

Solomon Islands

Number (thousands), 1, 6, 116, 302, 323, 377, 425

Per 100 inhabitants, 0, 1, 22, 55, 58, 66, 73

Somalia

Number (thousands), 80, 500, 648, 2300, 5183, 5500, 5836

Per 100 inhabitants, 1, 6, 7, 23, 49, 51, 52

South Africa

Number (thousands), 8339, 33960, 50372, 68394, 76865, 79281, 85197

Per 100 inhabitants, 19, 70, 98, 131, 146, 149, 159

South Sudan

Number (thousands), 0, 0, 1500, 2300, 2853, 2876, 2899

Per 100 inhabitants, 0, 0, 14, 21, 25, 25, 24

Spain

Number (thousands), 24265, 42694, 51389, 50665, 50159, 50806, 50926

Per 100 inhabitants, 60, 98, 111, 108, 107, 108, 108

Sri Lanka

Number (thousands), 430, 3362, 17359, 19333, 20315, 22123, 24385

Per 100 inhabitants, 2, 17, 84, 92, 96, 103, 113

State of Palestine

Number (thousands), 7, 568, 2604, 3135, 3190, 3198, 3531

Per 100 inhabitants, 0, 16, 65, 74, 74, 72, 78

Sudan

Number (thousands), 23, 1828, 18093, 27659, 27658, 27797, 27939

Per 100 inhabitants, 0, 5, 42, 74, 73, 72, 71

Suriname

Number (thousands), 41, 233, 521, 569, 869, 928, 991

Per 100 inhabitants, 9, 47, 99, 106, 161, 171, 181

Swaziland

Number (thousands), 33, 200, 726, 805, 893, 917, 941

Per 100 inhabitants, 3, 18, 61, 65, 71, 72, 73

Sweden

Number (thousands), 6372, 9104, 10992, 11848, 12014, 12313, 12639

Per 100 inhabitants, 72, 101, 117, 125, 126, 128, 130

Switzerland

Number (thousands), 4639, 6834, 9644, 10561, 11049, 11150, 11700

Per 100 inhabitants, 65, 92, 123, 132, 137, 137, 142

Syrian Arab Republic

Number (thousands), 30, 2950, 11696, 12980, 12291, 14040, 13904

Per 100 inhabitants, 0, 16, 54, 59, 56, 64, 62

Tajikistan

Number (thousands), 1, 265, 5941, 6528, 7537, 7999, 8489

Per 100 inhabitants, 0, 4, 78, 82, 92, 95, 99

Thailand

Number (thousands), 3056, 30460, 71726, 85012, 93849, 97096, 84797

Per 100 inhabitants, 5, 46, 108, 127, 140, 144, 126

TFYR of Macedonia

Number (thousands), 116, 1131, 2153, 2235, 2237, 2224, 2223

Per 100 inhabitants, 6, 54, 102, 106, 106, 106, 105

Timor-Leste

Number (thousands), 0, 33, 473, 621, 650, 1376, 1377

Per 100 inhabitants, 0, 3, 44, 56, 57, 119, 117

Togo

Number (thousands), 50, 434, 2602, 3312, 4263, 4516, 4657

Per 100 inhabitants, 1, 8, 41, 50, 63, 65, 65

Tokelau

Number (thousands), 0, 0, 0, 0, 0, 0, 

Per 100 inhabitants, 0, 0, 0, 0, 0, 0, 

Tonga

Number (thousands), 0, 30, 54, 56, 58, 68, 70

Per 100 inhabitants, 0, 30, 52, 53, 55, 64, 66

Trinidad and Tobago

Number (thousands), 162, 924, 1894, 1884, 1944, 1981, 2123

Per 100 inhabitants, 13, 71, 143, 141, 145, 147, 158

Tunisia

Number (thousands), 119, 5681, 11114, 12844, 12712, 14284, 14598

Per 100 inhabitants, 1, 57, 105, 118, 116, 128, 130

Turkey

Number (thousands), 16133, 43609, 61770, 67681, 69661, 71888, 73639

Per 100 inhabitants, 26, 64, 86, 91, 93, 95, 96

Turkmenistan

Number (thousands), 8, 105, 3198, 5900, 6125, 7206, 7842

Per 100 inhabitants, 0, 2, 63, 114, 117, 136, 146

Tuvalu

Number (thousands), 0, 1, 2, 3, 3, 4, 4

Per 100 inhabitants, 0, 13, 16, 28, 34, 38, 40

Uganda

Number (thousands), 127, 1315, 12828, 16356, 18069, 20366, 20220

Per 100 inhabitants, 1, 5, 38, 45, 48, 52, 50

Ukraine

Number (thousands), 819, 30014, 53929, 59344, 62459, 61170, 60720

Per 100 inhabitants, 2, 64, 117, 130, 138, 144, 144

United Arab Emirates

Number (thousands), 1428, 4534, 10926, 13775, 16064, 16819, 17943

Per 100 inhabitants, 47, 109, 129, 150, 172, 178, 187

United Kingdom

Number (thousands), 43452, 65472, 76730, 78329, 78674, 78461, 80284

Per 100 inhabitants, 74, 109, 124, 125, 125, 124, 126

United Rep. of Tanzania

Number (thousands), 111, 2964, 20984, 27219, 27443, 31863, 39666

Per 100 inhabitants, 0, 8, 47, 57, 56, 63, 76

United States

Number (thousands) 109 478, 0, 203700, 285118, 304838, 310698, 355500, 382307

Per 100 inhabitants, 38, 68, 91, 96, 97, 110, 118

United States Virgin Is.Ties

Number (thousands), 35, 80, 0, 0, 0, 0, 

Per 100 inhabitants, 32, 75, 0, 0, 0, 0, 

Uruguay

Number (thousands), 411, 1155, 4437, 4995, 5268, 5497, 5495

Per 100 inhabitants, 12, 35, 132, 147, 155, 161, 160

Uzbekistan

Number (thousands), 53, 720, 20952, 20274, 21500, 21639, 21783

Per 100 inhabitants, 0, 3, 75, 71, 74, 74, 73

Vanuatu

Number (thousands), 0, 13, 170, 146, 127, 156, 175

Per 100 inhabitants, 0, 6, 72, 59, 50, 60, 66

Venezuela (Boliv. Rep. of)

Number (thousands), 5447, 12496, 27880, 30569, 30896, 30528, 29094

Per 100 inhabitants, 22, 47, 96, 102, 102, 99, 93

Viet Nam

Number (thousands), 789, 9593, 111570, 131674, 123736, 136148, 122000

Per 100 inhabitants, 1, 11, 125, 145, 135, 147, 131

Wallis and Futuna Islands

Number (thousands), 0, 0, 0, 0, 0, 0, 

Yemen

Number (thousands), 32, 2278, 11085, 13900, 16845, 17100, 17359

Per 100 inhabitants, 0, 11, 49, 58, 69, 68, 68

Zambia

Number (thousands), 99, 950, 5447, 10525, 10396, 10115, 11558

Per 100 inhabitants, 1, 8, 41, 75, 72, 67, 74

Zimbabwe

Number (thousands), 266, 647, 7700, 12614, 13633, 11799, 12757

Per 100 inhabitants, 2, 5, 59, 92, 96, 81, 85
